category,keyword,n_claims,n_consistent,consistent_rate_pct,label_counts
Jobs & Education,are schools closed on good friday,15,15,100.00,"{""CLEAR"": 15}"
Jobs & Education,bridgeport,15,3,20.00,"{""OMITTED"": 12, ""CLEAR"": 3}"
Jobs & Education,is school closed today,7,4,57.14,"{""CLEAR"": 3, ""OMITTED"": 3, ""VAGUE"": 1}"
Jobs & Education,is school closed today,7,0,0.00,"{""OMITTED"": 7}"
Jobs & Education,is there school today,3,2,66.67,"{""CLEAR"": 2, ""OMITTED"": 1}"
Jobs & Education,marion county,25,10,40.00,"{""OMITTED"": 12, ""CLEAR"": 9, ""INCORRECT"": 2, ""VAGUE"": 1, ""AMBIGUOUS"": 1}"
Jobs & Education,school closings and delays today,2,0,0.00,"{""OMITTED"": 2}"
Jobs & Education,school closings for tomorrow,12,0,0.00,"{""OMITTED"": 12}"
Jobs & Education,school closings today,6,3,50.00,"{""VAGUE"": 1, ""OMITTED"": 3, ""CLEAR"": 2}"
Jobs & Education,school closures tomorrow,6,0,0.00,"{""INCORRECT"": 2, ""OMITTED"": 4}"
Jobs & Education,schools closed today,1,1,100.00,"{""CLEAR"": 1}"
Jobs & Education,schools closed today,8,0,0.00,"{""OMITTED"": 8}"
Shopping,costco finds,15,6,40.00,"{""CLEAR"": 6, ""OMITTED"": 9}"
Technology,arc raiders shutting down,8,5,62.50,"{""OMITTED"": 3, ""CLEAR"": 5}"
Technology,artemis 3 launch date,10,6,60.00,"{""CLEAR"": 5, ""OMITTED"": 1, ""INCORRECT"": 3, ""VAGUE"": 1}"
Technology,artemis iii launch date,8,8,100.00,"{""VAGUE"": 2, ""CLEAR"": 6}"
Technology,dlss 5 release date,9,9,100.00,"{""CLEAR"": 9}"
Technology,google weather,22,0,0.00,"{""OMITTED"": 22}"
Technology,is rec room shutting down,17,17,100.00,"{""CLEAR"": 17}"
Technology,rec room shutting down,11,9,81.82,"{""CLEAR"": 8, ""INCORRECT"": 2, ""VAGUE"": 1}"
Technology,tomodachi life living the dream release date,4,3,75.00,"{""CLEAR"": 2, ""VAGUE"": 1, ""OMITTED"": 1}"
Technology,tomodachi life living the dream release time,10,9,90.00,"{""CLEAR"": 7, ""INCORRECT"": 1, ""VAGUE"": 2}"
Technology,tomodachi life release time,12,4,33.33,"{""CLEAR"": 3, ""OMITTED"": 8, ""VAGUE"": 1}"
Technology,when does tomodachi life 2 come out,10,8,80.00,"{""OMITTED"": 2, ""CLEAR"": 7, ""VAGUE"": 1}"
Technology,when does tomodachi life come out,5,3,60.00,"{""CLEAR"": 2, ""INCORRECT"": 2, ""VAGUE"": 1}"
