"Trends","Search volume","Started","Ended","Trend breakdown","Explore link"
"social security warning retirees scams","200K+","April 5, 2026 at 11:30:00 AM UTC",,"social security warning retirees scams","https://trends.google.com/trends/explore?q=social%20security%20warning%20retirees%20scams&geo=US&hl=en-US"
"ice","100K+","April 5, 2026 at 11:50:00 AM UTC",,"ice,green card,qasem soleimani,soleimani afshar","https://trends.google.com/trends/explore?q=ice&geo=US&hl=en-US"
"pentagon f-35 budget 2027","50K+","April 5, 2026 at 11:20:00 AM UTC",,"pentagon f-35 budget 2027","https://trends.google.com/trends/explore?q=pentagon%20f-35%20budget%202027&geo=US&hl=en-US"
"justice samuel alito hospitalized","50K+","April 5, 2026 at 11:20:00 AM UTC",,"justice samuel alito hospitalized","https://trends.google.com/trends/explore?q=justice%20samuel%20alito%20hospitalized&geo=US&hl=en-US"
"hakeem jeffries","20K+","April 5, 2026 at 5:50:00 PM UTC",,"hakeem jeffries,dhs","https://trends.google.com/trends/explore?q=hakeem%20jeffries&geo=US&hl=en-US"
"general randy george statement","20K+","April 5, 2026 at 11:20:00 AM UTC",,"general randy george statement,maynard james keenan","https://trends.google.com/trends/explore?q=general%20randy%20george%20statement&geo=US&hl=en-US"
"us airman rescued in iran","20K+","April 5, 2026 at 10:40:00 PM UTC",,"us airman rescued in iran,mc-130j,airman,air force pilot rescued iran,mc130j,us airman rescued,c130 plane,mc-130js,mc 130j,c-130 hercules,mc-130,c 130,us iran,downed pilot iran,trey yingst,seal team 6,csar","https://trends.google.com/trends/explore?q=us%20airman%20rescued%20in%20iran&geo=US&hl=en-US"
"national park service employee changes","10K+","April 5, 2026 at 11:40:00 AM UTC",,"national park service employee changes","https://trends.google.com/trends/explore?q=national%20park%20service%20employee%20changes&geo=US&hl=en-US"
"marjorie taylor greene","10K+","April 5, 2026 at 5:50:00 PM UTC",,"marjorie taylor greene,trump easter","https://trends.google.com/trends/explore?q=marjorie%20taylor%20greene&geo=US&hl=en-US"
"ice arrested 13 illegal immigrants outside a pennsylvania drivers license center","10K+","April 5, 2026 at 11:40:00 AM UTC","April 6, 2026 at 3:30:00 AM UTC","ice arrested 13 illegal immigrants outside a pennsylvania drivers license center","https://trends.google.com/trends/explore?q=ice%20arrested%2013%20illegal%20immigrants%20outside%20a%20pennsylvania%20drivers%20license%20center&geo=US&hl=en-US"
"federal reserve subpoenas rejected","10K+","April 5, 2026 at 11:20:00 AM UTC","April 5, 2026 at 8:10:00 PM UTC","federal reserve subpoenas rejected","https://trends.google.com/trends/explore?q=federal%20reserve%20subpoenas%20rejected&geo=US&hl=en-US"
"social security","10K+","April 5, 2026 at 11:30:00 AM UTC","April 6, 2026 at 2:50:00 AM UTC","social security","https://trends.google.com/trends/explore?q=social%20security&geo=US&hl=en-US"
"estados unidos","5K+","April 6, 2026 at 12:20:00 AM UTC",,"estados unidos","https://trends.google.com/trends/explore?q=estados%20unidos&geo=US&hl=en-US"
"princess charlotte easter outfit","5K+","April 5, 2026 at 11:50:00 PM UTC",,"princess charlotte easter outfit","https://trends.google.com/trends/explore?q=princess%20charlotte%20easter%20outfit&geo=US&hl=en-US"
"dhs shutdown","5K+","April 6, 2026 at 2:00:00 AM UTC",,"dhs shutdown","https://trends.google.com/trends/explore?q=dhs%20shutdown&geo=US&hl=en-US"
"new bern","5K+","April 5, 2026 at 11:30:00 AM UTC","April 6, 2026 at 1:30:00 AM UTC","new bern","https://trends.google.com/trends/explore?q=new%20bern&geo=US&hl=en-US"
"prince louis","5K+","April 5, 2026 at 10:20:00 PM UTC","April 6, 2026 at 3:40:00 AM UTC","prince louis,princess of wales easter outfit,kate middleton,catherine, princess of wales,sarah ferguson","https://trends.google.com/trends/explore?q=prince%20louis&geo=US&hl=en-US"
"wautoma","5K+","April 5, 2026 at 11:20:00 AM UTC","April 5, 2026 at 8:50:00 PM UTC","wautoma,wausau pilot and review","https://trends.google.com/trends/explore?q=wautoma&geo=US&hl=en-US"
"matthew blank wife detained ice","2K+","April 5, 2026 at 10:50:00 PM UTC",,"matthew blank wife detained ice","https://trends.google.com/trends/explore?q=matthew%20blank%20wife%20detained%20ice&geo=US&hl=en-US"
"visa","2K+","April 5, 2026 at 5:10:00 PM UTC",,"visa","https://trends.google.com/trends/explore?q=visa&geo=US&hl=en-US"
"sheridan gorman","2K+","April 5, 2026 at 10:20:00 PM UTC","April 6, 2026 at 12:40:00 AM UTC","sheridan gorman","https://trends.google.com/trends/explore?q=sheridan%20gorman&geo=US&hl=en-US"
"san marcos fire","2K+","April 5, 2026 at 10:40:00 PM UTC","April 6, 2026 at 12:50:00 AM UTC","san marcos fire,csusm fire,moree fire,fire san marcos,fire in san marcos","https://trends.google.com/trends/explore?q=san%20marcos%20fire&geo=US&hl=en-US"
"cuba","2K+","April 5, 2026 at 12:20:00 PM UTC","April 5, 2026 at 5:40:00 PM UTC","cuba","https://trends.google.com/trends/explore?q=cuba&geo=US&hl=en-US"
"trump walter reed medical center","2K+","April 5, 2026 at 11:20:00 AM UTC","April 5, 2026 at 6:10:00 PM UTC","trump walter reed medical center,trump in the hospital,trump x,trump walter reed today news,daily beast,the white house","https://trends.google.com/trends/explore?q=trump%20walter%20reed%20medical%20center&geo=US&hl=en-US"
"pima county sheriff's department","2K+","April 5, 2026 at 11:30:00 AM UTC","April 5, 2026 at 5:20:00 PM UTC","pima county sheriff's department","https://trends.google.com/trends/explore?q=pima%20county%20sheriff%27s%20department&geo=US&hl=en-US"
"abc7","1K+","April 6, 2026 at 1:50:00 AM UTC","April 6, 2026 at 4:10:00 AM UTC","abc7","https://trends.google.com/trends/explore?q=abc7&geo=US&hl=en-US"
"nancy guthrie update today","1K+","April 6, 2026 at 1:10:00 AM UTC","April 6, 2026 at 2:50:00 AM UTC","nancy guthrie update today","https://trends.google.com/trends/explore?q=nancy%20guthrie%20update%20today&geo=US&hl=en-US"
"travel visa","1K+","April 5, 2026 at 11:20:00 AM UTC","April 5, 2026 at 3:20:00 PM UTC","travel visa","https://trends.google.com/trends/explore?q=travel%20visa&geo=US&hl=en-US"
"affordable housing","1K+","April 5, 2026 at 7:20:00 AM UTC","April 5, 2026 at 12:40:00 PM UTC","affordable housing","https://trends.google.com/trends/explore?q=affordable%20housing&geo=US&hl=en-US"
"coin","1K+","April 5, 2026 at 11:30:00 AM UTC","April 5, 2026 at 3:20:00 PM UTC","coin","https://trends.google.com/trends/explore?q=coin&geo=US&hl=en-US"
"wes moore","1K+","April 5, 2026 at 2:40:00 PM UTC","April 5, 2026 at 4:00:00 PM UTC","wes moore","https://trends.google.com/trends/explore?q=wes%20moore&geo=US&hl=en-US"
"trump in hospital news","500+","April 5, 2026 at 8:40:00 PM UTC","April 5, 2026 at 10:00:00 PM UTC","trump in hospital news","https://trends.google.com/trends/explore?q=trump%20in%20hospital%20news&geo=US&hl=en-US"
"harmeet dhillon","500+","April 5, 2026 at 7:50:00 PM UTC","April 5, 2026 at 9:20:00 PM UTC","harmeet dhillon","https://trends.google.com/trends/explore?q=harmeet%20dhillon&geo=US&hl=en-US"
"united states federal judge","500+","April 5, 2026 at 11:50:00 AM UTC","April 5, 2026 at 2:00:00 PM UTC","united states federal judge,npr news","https://trends.google.com/trends/explore?q=united%20states%20federal%20judge&geo=US&hl=en-US"
"passport","500+","April 5, 2026 at 11:40:00 PM UTC","April 6, 2026 at 12:10:00 AM UTC","passport","https://trends.google.com/trends/explore?q=passport&geo=US&hl=en-US"
"univision","200+","April 6, 2026 at 2:40:00 AM UTC","April 6, 2026 at 3:10:00 AM UTC","univision","https://trends.google.com/trends/explore?q=univision&geo=US&hl=en-US"
"ali vaez","200+","April 5, 2026 at 2:30:00 PM UTC","April 5, 2026 at 3:40:00 PM UTC","ali vaez","https://trends.google.com/trends/explore?q=ali%20vaez&geo=US&hl=en-US"
"deportation","200+","April 5, 2026 at 3:50:00 PM UTC","April 5, 2026 at 4:50:00 PM UTC","deportation","https://trends.google.com/trends/explore?q=deportation&geo=US&hl=en-US"
"mike lawler","200+","April 5, 2026 at 2:50:00 PM UTC","April 5, 2026 at 3:50:00 PM UTC","mike lawler","https://trends.google.com/trends/explore?q=mike%20lawler&geo=US&hl=en-US"
"joe gruters","200+","April 5, 2026 at 2:30:00 PM UTC","April 5, 2026 at 3:20:00 PM UTC","joe gruters","https://trends.google.com/trends/explore?q=joe%20gruters&geo=US&hl=en-US"
"criminal defense lawyer","200+","April 5, 2026 at 9:30:00 AM UTC","April 5, 2026 at 10:20:00 AM UTC","criminal defense lawyer","https://trends.google.com/trends/explore?q=criminal%20defense%20lawyer&geo=US&hl=en-US"